query,message_ids,num_hits,stats,best_match_title,best_match_score,hits
Динис Бүләков Оса ҡыр ҡаҙҙары Хәким Хәйретд,757,0,0 results found,,0.0,
Тәнзилә Дәүләтбирҙина Тирмә Миңзәлә Хәйруллина,754,0,0 results found,,0.0,
Рәшит Шәкүр Сана юлы Хәмит Яруллин,752,0,0 results found,,0.0,
Нәжиә Игеҙйәнова Туй күлдәге Илһөйәр Ғәзетдинова,750,0,0 results found,,0.0,
Динис Исламов Оҙатыу Наилә Ғәләүетдинова уҡ,748,0,0 results found,,0.0,
"ыу"" хикәйәһе",747,0,0 results found,,0.0,
Шамил Хажиәхмәтов Йәнтөйәккә юл хикәйәһе 3 сө ө,746,0,0 results found,,0.0,
Шамил Хажиәхмәтов Йәнтөйәккә юл хикәйәһе 2 се ө,745,0,0 results found,,0.0,
Шамил Хажиәхмәтов Йәнтөйәккә юл хикәйәһе 1 се ө,744,0,0 results found,,0.0,
әсир,743;742,20,44 results found in 1ms,Йәшел сирәмдә һары керәндил,0.258,"Башҡорт халыҡ ижады. Бәйеттәр, йырҙар, таҡмаҡтар — Әмир Әминев (https://kitaptar.bashkort.org/book/648) | Йәшлек моңдары — Әмир Әминев (https://kitaptar.bashkort.org/book/304) | Проводникъ по отдаленнѣйшимъ окраинамъ Россіи — Әмир Әминев (https://kitaptar.bashkort.org/book/1448) | УМАРТАСЫ КӘҢӘШТӘРЕ — Рафиҡ НОҒОМАНОВ Әмир ИШЕМҒОЛОВ (https://kitaptar.bashkort.org/book/505) | Сәк-Сәк менән Бауырһак нисек тәмле ризык әҙерләргә өйрәнде — Юлдашбаев А. М. (https://kitaptar.bashkort.org/book/1089) | Сәк-Сәк менән Бауырһаҡ нисек тәмле ризыҡ әҙерләргә өйрәнде. — Бураҡаева Мәрйәм (https://kitaptar.bashkort.org/book/897) | Юлдашбаев А.М. Заки Валиди Тоган: ученый, политик, личность. –Уфа: ИИЯЛ УНЦ РАН, 2015. – 100 с. — ЮЛДАШБАЕВ Амир Мурзагалеевич (https://kitaptar.bashkort.org/book/5299) | Йәшел сирәмдә һары керәндил — Бейсембиев Т. К. (https://kitaptar.bashkort.org/book/925) | Башҡорт теле. Дөйөм белем биреү учреждениеларының 4-се класы өсөн дәреслек. Ике киҫәктә. 1-се киҫәк. — 2-се баҫма, үҙгәртелгән / Ф. Ш. Сынбулатова, Г. Ә. Вәлиева, P. В. Сиражетдинова. — Өфө: Китап, 2014. — Бүрәттәре менән 160 бит. — Сынбулатова, Ф. Ш., Вәлиева, Г. Ә., Сиражетдинова, P. В. (https://kitaptar.bashkort.org/book/5031) | Рəсəй халыҡтары телдəре диалектологияһының көнүҙəк мəсьəлəлəре — Ишкильдина Л.К., Сиразитдинов З.А. (https://kitaptar.bashkort.org/book/6) | Башҡорт теленең аңлатмалы һүҙлеге — Суфьянова Н. Ф., Сиразитдинов 3. Ә., Ураҡсин 3. Ғ. (https://kitaptar.bashkort.org/book/409) | Башкортостан с древнейших времен до наших дней. Хроника основных событий — Л.К. Ишкильдина, З.А. Сиразитдинов (https://kitaptar.bashkort.org/book/553) | Актуальные проблемы диалектологии языков народов России — Л.К. Ишкильдина, З.А. Сиразитдинов (https://kitaptar.bashkort.org/book/202) | Рəсəй халыҡтары телдəре диалектологияһының көнүҙəк мəсьəлəлəре — Л.К. Ишкильдина, З.А. Сиразитдинов (https://kitaptar.bashkort.org/book/4) | АКТУАЛЬНЫЕ ПРОБЛЕМЫ ДИАЛЕКТОЛОГИИ ЯЗЫКОВ НАРОДОВ РОССИИ — Л.К. Ишкильдина, З.А. Сиразитдинов (https://kitaptar.bashkort.org/book/7) | Актуальные проблемы диалектологии языков народов России — Л.К. Ишкильдина, З.А. Сиразитдинов (https://kitaptar.bashkort.org/book/201) | Актуальные проблемы диалектологии языков народов России: Материалы XVIII Всероссийской научной конференции (с международным участием). Уфа: ИИЯЛ УФИЦ РАН, 2018. 248 с. — Ф. Г. Хисамитдинова, Ш. В. Нафиков, З. А. Сиразитдинов, Г. Н. Ягафарова, А. М. Ишегулова (https://kitaptar.bashkort.org/book/5065) | Актуальные проблемы диалектологии языков народов России 2018 — Ф. Г. Хисамитдинова, Ш. В. Нафиков, З. А. Сиразитдинов, Г. Н. Ягафарова (https://kitaptar.bashkort.org/book/5005) | Урыҫса-башҡортса һүҙлек: 2 томда. 1-се том. А-О — И.М. Агишев, Ә.Ф. Ғиндуллина, Г.Д. Зәйнуллина, З.Ҡ. Ишмөхәмәтов, С.Ф. Миржанова, Ш.В. Нафиҡов, З.Ә. Сиразетдинов, Н.Ф. Суфьянова, З.Г. Уразбаева, З.Ғ. Ураксин, Р.Н. Һаҙыева. З.Ғ. Ураҡсин (https://kitaptar.bashkort.org/book/223) | Урыҫса-башҡортса һүҙлек: 2 томда. 2-се том. П-Я — И.М. Агишев, Ә.Ф. Ғиндуллина, Г.Д. Зәйнуллина, З.Ҡ. Ишмөхәмәтов, С.Ф. Миржанова, Ш.В. Нафиҡов, З.Ә. Сиразетдинов, Н.Ф. Суфьянова, З.Г. Уразбаева, З.Ғ. Ураксин, Р.Н. Һаҙыева. З.Ғ. Ураҡсин (https://kitaptar.bashkort.org/book/224)"
"Әбүзәров. ""Әсир"" әҫәренән өҙөк",741,0,0 results found,,0.0,
ҡунаҡ малай,740;739;738;737;736,1,1 result found in 1ms,"Литературное чтение для 2-го класса.Ч.2_Сынбулатова,Давлетшина.2014",0.077,"Литературное чтение для 2-го класса.Ч.2_Сынбулатова,Давлетшина.2014 — СЫНБУЛАТОВА Фания Шугаиповна, ДАВЛЕТШИНА Мархаба Саяфаровна (https://kitaptar.bashkort.org/book/5174)"
"Камал. ""Ҡунаҡ малай"" әҫәре",735,0,0 results found,,0.0,
"ов. ""Нурлы күҙҙәр"" әҫәре",734,0,0 results found,,0.0,
Роберт Байымов Никах яңыртыу Миңзәлә Хәйруллина менән Фаяз Солтанов,733;524,0,0 results found,,0.0,
Бүре,731,20,193 results found in 1ms,Буренушка,0.462,"Ҡуян баҙарҙа нисек бүре һатҡан — М.Һаҙыев, А.Фәхретдинов (https://kitaptar.bashkort.org/book/917) | Ҡуян баҙарҙа нисек бүре һатҡан — М.Һаҙыев, А.Фәхретдинов (https://kitaptar.bashkort.org/book/1229) | Ҡуян баҙарҙа нисек бүре һатҡан — М.Һаҙыев, А.Фәхретдинов (https://kitaptar.bashkort.org/book/1228) | Бореальные элементы в башкирском языке — Нафиков Ш.В. (https://kitaptar.bashkort.org/book/382) | Буренушка — Буров С.П. (https://kitaptar.bashkort.org/book/1082) | Кинйә. Роман. Беренсе китап. Тапалған йәйләү — Гали Ибрагимов (https://kitaptar.bashkort.org/book/1261) | Һайланма әҫәрҙәр. Беренсе том. — Биканачева Р. И (https://kitaptar.bashkort.org/book/931) | Хаҡ динемдә беренсе аҙымдарым. Икенсе баҫма. — Әкрәм Бейеш (https://kitaptar.bashkort.org/book/568) | Король Матиуш Беренсе — Йософ Гәрәй (https://kitaptar.bashkort.org/book/1458) | Гарипова Т. X. Буренушка: роман-эпопея. — Уфа: Китап, 2009. — 696 с. — Гарипова Т. X. (https://kitaptar.bashkort.org/book/5173) | БАШҠОРТ ХАЛҠЫНЫҢ ҠАРҺҮҘЕ. Беренсе киҫәк — ӘХМӘТ СӨЛӘЙМӘНОВ (https://kitaptar.bashkort.org/book/148) | Ҡатындар. Ҡыҙ бала. (Трилогия. Беренсе китап) — Ғөлнур Яҡупова (https://kitaptar.bashkort.org/book/141) | Башҡорт теле. Дөйөм белем биреү учреждениеларының 4-се класы өсөн дәреслек. Ике киҫәктә. 1-се киҫәк. — 2-се баҫма, үҙгәртелгән / Ф. Ш. Сынбулатова, Г. Ә. Вәлиева, P. В. Сиражетдинова. — Өфө: Китап, 2014. — Бүрәттәре менән 160 бит. — Сынбулатова, Ф. Ш., Вәлиева, Г. Ә., Сиражетдинова, P. В. (https://kitaptar.bashkort.org/book/5031) | Башҡорт лөғәте: 1926 йылғы беренсе аңлатмалы һүҙлек — Әхәт Сәлихов (https://kitaptar.bashkort.org/book/5343) | Башҡорт халыҡ музыка сәнғәте. Беренсе том — Сөләймәнов Риф (https://kitaptar.bashkort.org/book/465) | Башкирско-русский словарь. Типо-литография Б. Бреслова - Оренбург, 1899. - 237 с. — Бреслов Б. (https://kitaptar.bashkort.org/book/5018) | Ташҡын уртаһында — ӘХМӘТ СӨЛӘЙМӘНОВ (https://kitaptar.bashkort.org/book/901) | Сөләймән Мырҙабулатов: заманы һәм көрәше. Тәүәрих-публицистика (1917 — 1922) — Мағазов Азат (https://kitaptar.bashkort.org/book/717) | Урыҫса-башҡортса һынлы сәнғәт терминдар һүҙлеге — Дамир ВАЛЕЕВ (https://kitaptar.bashkort.org/book/1153) | Башҡорт фамилиялары — Гүмәров Вил (https://kitaptar.bashkort.org/book/1097)"
"Ҡәҙерғолов. ""Бүре"" әҫәре",730,0,0 results found,,0.0,
се өлөш детдом балаһы,729;728;727;726;725,0,0 results found,,0.0,
өлөш йәмлиха ҡарсыҡ,723;722,0,0 results found,,0.0,
март бураны,720;719,0,0 results found,,0.0,
"у Сиражетдиновтың ""Батырҙарҙы яу тыуҙыра"" хикәйәһе",717,0,0 results found,,0.0,
бал тип үрелгәнем,716,0,0 results found,,0.0,
3) ҡыҫыр ҡайнаға,714,0,0 results found,,0.0,
2) ҡыҫыр ҡайнаға,713,0,0 results found,,0.0,
1) ҡыҫыр ҡайнаға,712,0,0 results found,,0.0,
бер ғүмер етмәй икән,710;709;708;707,0,0 results found,,0.0,
сигелгән ҡулъяулыҡ,705,0,0 results found,,0.0,
ханбала,703;702;701;700,0,0 results found,,0.0,
ова. «Ханбала» хикәйәһе,699,0,0 results found,,0.0,
аҡман-тоҡман,698;697;696;695;694,3,3 results found in 1ms,Аҡман-тоҡман,1.0,Аҡман-тоҡман — Хамматов Яныбай (https://kitaptar.bashkort.org/book/350) | Аҡман-Тоҡман —  (https://kitaptar.bashkort.org/book/773) | Юрғашты — Яныбай Хамматов (https://kitaptar.bashkort.org/book/349)
ов. «Аҡман-тоҡман» әҫәре,693,0,0 results found,,0.0,
"Рәлис Ураҙғолов Ҡатын, 2 се бүлек Рәмилә Сәлимгәрәева",692,0,0 results found,,0.0,
"Рәлис Ураҙғолов Ҡатын, 1 се бүлек Рәмилә Сәлимгәрәева",691,0,0 results found,,0.0,
"ын"" (хикәйә)",690,0,0 results found,,0.0,
Ауыл адвокаттары,689;688;687;686,1,1 result found in 1ms,Әҫәрҙәр 5 том,0.138,Әҫәрҙәр 5 том — Мостай Кәрим (https://kitaptar.bashkort.org/book/915)
Ауыл адвокаттар,685,1,1 result found in 1ms,Әҫәрҙәр 5 том,0.143,Әҫәрҙәр 5 том — Мостай Кәрим (https://kitaptar.bashkort.org/book/915)
Ауыл адвокаттары Мостай Кәрим 5 главаАудиорассказ на башкирском,684,0,0 results found,,0.0,
Ауыл адвокаттары Мостай Кәрим 4 главаАудиорассказ на башкирском,683,0,0 results found,,0.0,
Ауыл адвокаттары Мостай Кәрим 3 глава Аудиорассказ на башкирском,681,0,0 results found,,0.0,
Ауыл адвокаттары Мостай Кәрим 2 частьАудиорассказ на башкирском,680,0,0 results found,,0.0,
Ауыл адвокаттары Мостай Кәрим 1 часть Аудиорассказ на башкирском,679,0,0 results found,,0.0,
тары» повесы,678,1,1 result found in 1ms,Ҡарат,0.235,Ҡарат — Зиннур Ураҡсин (https://kitaptar.bashkort.org/book/249)
Сәғит Агиш. Эш самауырҙа түгел,677,0,0 results found,,0.0,
Нәйлә хикәйәһе — Без названия www lightaudio ru,674,0,0 results found,,0.0,
йәләлетдин атай,670,0,0 results found,,0.0,
ай» хикәйәһе,669,0,0 results found,,0.0,
шикле тун,668,0,0 results found,,0.0,
яңы йыл бүләге,666,0,0 results found,,0.0,
Башҡорт радиокомпозициялар Ҡыштың илһамлы мәлдәре Наилә Ғәләүетдинова,664,0,0 results found,,0.0,
Бер янылыш азым передача,662;661;660;659,0,0 results found,,0.0,
"ауллина.""Бер яңылыш аҙым"" әҫәре",654,0,0 results found,,0.0,
һынау хикәйә,649,0,0 results found,,0.0,
һыбайлы,647,0,0 results found,,0.0,
Динис Бүләков Упҡын ситендә бейеү,644,0,0 results found,,0.0,
Икебеҙ өсөн дә яраттым,642,0,0 results found,,0.0,
"тым..."" хикәйәһе",641,0,0 results found,,0.0,
яҙмыштар,639,10,10 results found in 1ms,Ҡыҙыҡлы осрашыуҙар,0.385,"Аҡ һәм ҡара — Рамаҙан Өмөтбаев (https://kitaptar.bashkort.org/book/890) | БАТЫРҘАР ҠИССАҺЫ — ҒАЙСА ХӨСӘЙЕНОВ (https://kitaptar.bashkort.org/book/143) | Һин аҡ ҡайын янында тора инең. Өфө.2007 — нард (https://kitaptar.bashkort.org/book/1218) | Бөйрәкәй — Таңсулпан Ғарипова (https://kitaptar.bashkort.org/book/1443) | Йәшәргә ваҡыт: повестар, хикәйәләр һәм эсселар — Шаһманов Т. Ғ. (https://kitaptar.bashkort.org/book/793) | Ҡыҙыҡлы осрашыуҙар — Ғөлнур Яҡупова (https://kitaptar.bashkort.org/book/888) | Омонимдар (аҙаш һүҙҙәр) һүҙлеге — М.Х. Әхтәмов (https://kitaptar.bashkort.org/book/53) | Йәшел сирәмдә һары керәндил — Бейсембиев Т. К. (https://kitaptar.bashkort.org/book/925) | БИКТАШЕВ Вәли - Родственные Корни народов Дюртюли и Кшанлы_Уфа.2004 — БИКТАШЕВ В. М. (https://kitaptar.bashkort.org/book/5300) | Сөләймән Мырҙабулатов: заманы һәм көрәше. Тәүәрих-публицистика (1917 — 1922) — Мағазов Азат (https://kitaptar.bashkort.org/book/717)"
француз теле дәрестәре,638,0,0 results found,,0.0,
Камил Яйыҡбаев — Күңел яраһы Таңсулпан Бабичева,637,0,0 results found,,0.0,
ғүмер миҙгелдәре,636,2,2 results found in 1ms,Хәтерҙәге яҡты миҙгелдәр,0.6,Хәтерҙәге яҡты миҙгелдәр — Фәниә Чанышева (https://kitaptar.bashkort.org/book/891) | Хәтерҙәге яҡты миҙгелдәр — Фәниә Чанышева (https://kitaptar.bashkort.org/book/319)
Мирас Иҙелбаев Иҙелйорт 4 се өлөш Олег Ханов,634,0,0 results found,,0.0,
Мирас Иҙелбаев Иҙелйорт 3 сө өлөш Олег Ханов,633,0,0 results found,,0.0,
Мирас Иҙелбаев Иҙелйорт 2 се өлөш Олег Ханов,632,0,0 results found,,0.0,
көҙгө күкрәү,630,0,0 results found,,0.0,
әсәлек бәхете,629,0,0 results found,,0.0,
йәнкиҫәк,628,0,0 results found,,0.0,
«Егет егетлеген итә»,627,0,0 results found,,0.0,
аҙашҡан бәхет,626,0,0 results found,,0.0,
эҙең ҡалһын,625,0,0 results found,,0.0,
Әхмәр Байрамғоловтың хикәйәләре,623,0,0 results found,,0.0,
яҡшы күңел,622,1,1 result found in 1ms,Сөләймән Мырҙабулатов: заманы һәм көрәше. Тәүәрих-публицистика (1917 — 1922),0.116,Сөләймән Мырҙабулатов: заманы һәм көрәше. Тәүәрих-публицистика (1917 — 1922) — Мағазов Азат (https://kitaptar.bashkort.org/book/717)
еҙ самауыр,621,0,0 results found,,0.0,
ын» әҫәре,620,0,0 results found,,0.0,
йүләркәй,619,0,0 results found,,0.0,
"ова, «Бүләк» әҫәре",618,0,0 results found,,0.0,
«Йыһандың бумеранг ҡануны»,617,0,0 results found,,0.0,
ҡурсаҡ,615,2,2 results found in 1ms,Ҡурсаулыҡ һуҡмаҡтарында,0.414,Ҡурсаулыҡ һуҡмаҡтарында — Феликс Фәтхи (https://kitaptar.bashkort.org/book/61) | Сөләймән Мырҙабулатов: заманы һәм көрәше. Тәүәрих-публицистика (1917 — 1922) — Мағазов Азат (https://kitaptar.bashkort.org/book/717)
әнүәр вәхитов,614,0,0 results found,,0.0,
ағайымдың гармуны,613,0,0 results found,,0.0,
ҡорманай ярында,611,0,0 results found,,0.0,
убыр баш,610,2,2 results found in 1ms,Башкирский народный транспорт. XIX-начало XX в. Уфа. 1992,0.092,Башкирский народный транспорт. XIX-начало XX в. Уфа. 1992 — Фәхретдинов Ризаитдин (https://kitaptar.bashkort.org/book/1528) | Башкирский народный транспорт. XIX-начало XX в. Уфа. 1992 — Фәхретдинов Ризаитдин (https://kitaptar.bashkort.org/book/1527)
Риф Мифтахов Бәләкәй әсирҙәр Наилә Ғәләүетдинова менән Әхәт Мортазин,609,0,0 results found,,0.0,
гөлзифа,608,1,1 result found in 1ms,"Әҫәрҙәр. III том: пьесалар, либретто",0.093,"Әҫәрҙәр. III том: пьесалар, либретто — Мостай Кәрим (https://kitaptar.bashkort.org/book/416)"
ғүмерлек ғазап,607,0,0 results found,,0.0,
йыр дауам итә,606,0,0 results found,,0.0,
зәңгәр яулыҡ,605,0,0 results found,,0.0,
ҡыш бабай ниңә иланы,604,0,0 results found,,0.0,
Өс таған. Мостай Кәрим. 6 глава,603,0,0 results found,,0.0,
Өс таған. Мостай Кәрим. 5 глава,602,0,0 results found,,0.0,
Өс таған. Мостай Кәрим. 4 глава,601,0,0 results found,,0.0,
Өс таған. Мостай Кәрим. 3 глава,600,0,0 results found,,0.0,
Өс таған. Мостай Кәрим. 2 глава,599,0,0 results found,,0.0,
Өс таған. Мостай Кәрим. 1 глава,598,0,0 results found,,0.0,
"ы кәкүк""",597,0,0 results found,,0.0,
йылы ямғыр,596,1,1 result found in 1ms,Тәүәккәллек һәм рух менән һуғарылған сәйәхәт,0.111,Тәүәккәллек һәм рух менән һуғарылған сәйәхәт — Халыҡ ижады (https://kitaptar.bashkort.org/book/686)
тар араһында ҡәләмде✏️ кем табыр?📚,595,0,0 results found,,0.0,
"ай""",594,13,13 results found in 1ms,Ай менән Зөһрә,0.235,"Ай менән Зөһрә — Бураҡаев И. Д., Бураҡаева М. С., Юлмөхәмэтов М. Б. (https://kitaptar.bashkort.org/book/693) | Ай менән Зөһрә — Заки Валиди (https://kitaptar.bashkort.org/book/1103) | Ай менән Зөһрә — Заки Валиди (https://kitaptar.bashkort.org/book/1102) | Научные чтения памяти профессора А.З. Асфандиярова «Социально-экономическая и военная история Башкортостана (вторая половина XVI-XXI вв.)»: материалы Всероссийской конференции. Уфа: Педкнига, 2017. 302 с. — А.И. Акманов, Р.К. Хабибуллин, И.Г. Акманов, Э.Ю. Шиляев, Р.Б. Зайтунов, А.С. Акъюлов, М.М. Зулькарнаев, А.А. Даутов (https://kitaptar.bashkort.org/book/5310) | Социальные регуляторы человеческой деятельности: философия, методология и прикладные технологии. - Уфа. 1995,- 150 с. — Исламов Р.С., Финогентов В.Н., Курлов А.Б., Селиванов А.И., Ли С.А. (https://kitaptar.bashkort.org/book/5281) | Шәйехзада Бабич —  (https://kitaptar.bashkort.org/book/323) | Ахнаф Харисов и актуальные проблемы башкирской филологии — Г. В. Юлдыбаева (https://kitaptar.bashkort.org/book/204) | Идеалы и ценности ислама в образовательном пространстве XXI века: материалы пленарного заседания III международной научно-практической конференции / под редакцией д.ф.н., профессора B.C. Хазиева -Уфа: Изд-во БГПУ, 2010. - 33 с. — B.C. Хазиев (https://kitaptar.bashkort.org/book/5158) | Теле барҙың - иле бар. Төҙ. З.Ҡ. Ханова. - Өфө, 1995 — З.Ҡ. Ханова (https://kitaptar.bashkort.org/book/5084) | ВЕСТНИК ДРЕВНЕЙ ИСТОРИИ. 1 (228). - М., 1999 — Г. М. Бонгард-Левин (https://kitaptar.bashkort.org/book/5261) | 1917 год в судьбах народов России. Том 1: сборник материалов Всероссийской научно-практической конференции с международным участием (г. Уфа, 29 ноября 2017 г.) /Отв. ред. Фролова И.В. - Уфа: РИЦ БашГУ, 2017. - 487 с. — Фролова И.В. (https://kitaptar.bashkort.org/book/5176) | Глоссарий. Краткий терминологический словарь тенгриведения. Под ред. Л.В. Федоровой. - Астана, 2017. - 140 с. — Л.В. Федорова (https://kitaptar.bashkort.org/book/5283) | Юсупов Р.М., Абсалямова Ю.А. - Межэтнические контакты башкир и казахов в восточном Оренбуржье.2005 — Юсупов Р.М., Абсалямова Ю.А. (https://kitaptar.bashkort.org/book/5177)"
ҡаһарманлыҡ,593,0,0 results found,,0.0,
ғүмерең алдында баш эйәм,592,0,0 results found,,0.0,
ике дауыт,591,0,0 results found,,0.0,
бәхетле булығыҙ,590,0,0 results found,,0.0,
"мансаф ғиләжев, юлда",589,0,0 results found,,0.0,
мансаф ғиләжев юлда,588;587;586,0,0 results found,,0.0,
"Солтанов. ""Алыҫ-алыҫҡа"" әҫәре",585,0,0 results found,,0.0,
өс бәхетле көн,583,0,0 results found,,0.0,
ылмаҫ тауарҙар» хикәйәһе,582,0,0 results found,,0.0,
"Әбүзәров. ""Айыу"" хикәйәһе. фон музыкаһы алып ташланды",581,0,0 results found,,0.0,
"иха"" хикәйәһе",580,0,0 results found,,0.0,
онотолмаҫ көндәр,578,0,0 results found,,0.0,
аҡ бейә аҙағы,576,0,0 results found,,0.0,
аҡ бейә дауамы,575,0,0 results found,,0.0,
аҡ бейә башы,574,0,0 results found,,0.0,
һөйгән йәр бер була,571,0,0 results found,,0.0,
фаҡил мырҙаҡаев ҡояшлы сәскәләр аҙағы,570,0,0 results found,,0.0,
фаҡил мырҙаҡаев ҡояшлы сәскәләр башы,569,0,0 results found,,0.0,
Хәйҙәр Тапаҡовтың «Әсәйемдең аҡ күлдәге»,568,0,0 results found,,0.0,
сәләм хикәйә аҙағы,567,0,0 results found,,0.0,
сәләм хикәйә башы,566,0,0 results found,,0.0,
Рәмзил Сәлмәнов,565;564;563;562;561,0,0 results found,,0.0,
Марат Рафиҡов,560,0,0 results found,,0.0,
Әхәт Мортазин,559;376;280;279;278,0,0 results found,,0.0,
Алһыу Бәхтиева,558,0,0 results found,,0.0,
Шәриф Бикҡол Ғүмер мәңге балҡыр усаҡ Наилә Ғәләүетдинова менән Әхәт,557,0,0 results found,,0.0,
Тайфур Сәғитов Ир егеткәй иңрәмәй ул хикәйәһе 2 се тапшырыу Марат,556,0,0 results found,,0.0,
Тайфур Сәғитов Ир егеткәй иңрәмәй ул хикәйәһе 1 се тапшырыу Марат,555,0,0 results found,,0.0,
Мөҙәрис Багаев Мәк сәскәһе Рәмилә Сәлимгәрәева менән актер Фаяз,554;462,0,0 results found,,0.0,
ҡайтыу,553;552,4,4 results found in 1ms,ЯҘҘАР ҠАЙТЫР,0.556,"Беҙ ҡайтырбыҙ — Карнай Али (https://kitaptar.bashkort.org/book/395) | Яҙҙар ҡайтыр - шиғырҙар — Ирек Кинйәбулатов (https://kitaptar.bashkort.org/book/691) | ЯҘҘАР ҠАЙТЫР — Гөлшат Әхмәткужина (https://kitaptar.bashkort.org/book/325) | Бейеш Әкрәм. Тел хикмәттәре - Өфө, Китап, 2016. - 136 бит. — Бейеш Әкрәм (https://kitaptar.bashkort.org/book/5141)"
Миләүшә Ҡаһарманова,551,2,2 results found in 1ms,Башҡортостан географияһы,0.326,Күңелем йылы теләй — Миләүшә Ҡаһарманова (https://kitaptar.bashkort.org/book/913) | Башҡортостан географияһы — Миләүшә Ҡаһарманова (https://kitaptar.bashkort.org/book/1463)
Cтепан Злобин Cалауат Юлаев 8 се бүлек Олег Ханов,550,0,0 results found,,0.0,
Cтепан Злобин Cалауат Юлаев 7 се бүлек Олег Ханов,549,0,0 results found,,0.0,
Cтепан Злобин Cалауат Юлаев 6 сы бүлек Олег Ханов,548,0,0 results found,,0.0,
Cтепан Злобин Cалауат Юлаев 5 се бүлек Олег Ханов,547,0,0 results found,,0.0,
Cтепан Злобин Cалауат Юлаев 4 се бүлек Олег Ханов,546,0,0 results found,,0.0,
Cтепан Злобин Cалауат Юлаев 3 се бүлек Олег Ханов,545,0,0 results found,,0.0,
Cтепан Злобин Cалауат Юлаев 2 се бүлек Олег Ханов,544,0,0 results found,,0.0,
Cтепан Злобин Cалауат Юлаев 1 се бүлек Олег Ханов,543,0,0 results found,,0.0,
ишек алдында,542;541;540;539,0,0 results found,,0.0,
ишек алдында фәрзәнә аҡбулатова,538,0,0 results found,,0.0,
"ни тимәксе инең, рәмил марсель искәндәров",537;536;535;534,0,0 results found,,0.0,
80F4CE94290EAA,533;483,0,0 results found,,0.0,
Гөлнур Яҡупова — Зөлфиә хикәйәһе www lightaudio ru,532,0,0 results found,,0.0,
A5DC79E39FCDEB,531,0,0 results found,,0.0,
Айгиз Баймөхәммәтов Урам балалары 2 кисәк,530,0,0 results found,,0.0,
"арса, башҡортса аудиокитабын табып булманы)",529,0,0 results found,,0.0,
Тимерғәле Килмөхәмәтов Йәнкиҫәк Наилә Ғәләүетдинова,528,0,0 results found,,0.0,
Тимерғәле Килмөхәмәтов Исмегөл Минзәлә Хәйруллина,527,0,0 results found,,0.0,
"Азиз Несин Әҫәрҙәре Хөрмәт Бикҡолов тәржемәһе, Илшат Йомағолов менән",526;469;144,0,0 results found,,0.0,
"Шакир Бикҡолов Асыҡтан асыҡ һөйләшеү Гөлли Мөбәрәкова, Хөсәйен Ҡудашев",525,0,0 results found,,0.0,
Роберт Байымов Газон сәскәһе Илшат Йомағолов,523,0,0 results found,,0.0,
Таңсулпан Ғарипова Еҫлегөл Рәмзиә Хисамова,522,0,0 results found,,0.0,
Таңсулпан Ғарипова АЙЛЫ ТӨН Олег Ханов,521,0,0 results found,,0.0,
Флүр Ғәлимов Ризыҡ Фәрүәз Урманшин,520,0,0 results found,,0.0,
Һары ләләләр,519,0,0 results found,,0.0,
Зифа Ишмурзина Яҙмыш ҡуйынында аудиокитап,518,0,0 results found,,0.0,
Фәрзәнә Аҡбулатова Һандыҡ һаҡлаған сер Рәмилә Сәлимгәрәева,517,0,0 results found,,0.0,
"Фәрзәнә Аҡбулатова Апай 1,2 өлөштәр Рәмилә Сәлимгәрәева",516,0,0 results found,,0.0,
Туғайҙарҙа турғай Фәрзәнә Аҡбулатова,515,0,0 results found,,0.0,
Ринат Камал Ике ғүмер 5 се бүлек Илсөйәр Ғәзетдинова,511,0,0 results found,,0.0,
Ринат Камал Ике ғүмер 4 се бүлек Илсөйәр Ғәзетдинова,510,0,0 results found,,0.0,
Ринат Камал Ике ғүмер 3 се бүлек Илсөйәр Ғәзетдинова,509,0,0 results found,,0.0,
Ринат Камал Ике ғүмер 2 се бүлек Илсөйәр Ғәзетдинова,508,0,0 results found,,0.0,
Ринат Камал Ике ғүмер 1 се бүлек Илсөйәр Ғәзетдинова,507,0,0 results found,,0.0,
Рәшит Солтангәрәев Осто бөркөт 6 се тапшырыу Әхәт Мортазин,506,0,0 results found,,0.0,
Рәшит Солтангәрәев Осто бөркөт 5 се тапшырыу Әхәт Мортазин,505,0,0 results found,,0.0,
Рәшит Солтангәрәев Осто бөркөт 4 се тапшырыу Әхәт Мортазин,504,0,0 results found,,0.0,
Рәшит Солтангәрәев Осто бөркөт 3 се тапшырыу Әхәт Мортазин,503,0,0 results found,,0.0,
Рәшит Солтангәрәев Осто бөркөт 2 се тапшырыу Әхәт Мортазин,502,0,0 results found,,0.0,
Рәшит Солтангәрәев Осто бөркөт 1 се тапшырыу Әхәт Мортазин,501,0,0 results found,,0.0,
Дәүләт Мәһәҙиев Яҙмыш ҡәләмдәрен ҡулға алып 5 се өлөш Әхәт Мортазин,500,0,0 results found,,0.0,
Тәнзилә Дәүләтбирҙина Минең ғаиләм,499;498,0,0 results found,,0.0,
Мирас Иҙелбаев Ҡоштар китә Илдар Ғүмәров,497,0,0 results found,,0.0,
"Дәүләт Мәһәҙиев Яҙмыш ҡәләмдәрен ҡулға алып 3,4 се өлөш Әхәт Мортазин",496,0,0 results found,,0.0,
"Дәүләт Мәһәҙиев Яҙмыш ҡәләмдәрен ҡулға алып 1,2 се өлөш Әхәт Мортазин",495,0,0 results found,,0.0,
Нияз Алсынбаев Серле мосафир 5 се тапшырыу,494,0,0 results found,,0.0,
Нияз Алсынбаев Серле мосафир 4 се тапшырыу,493,0,0 results found,,0.0,
Нияз Алсынбаев Серле мосафир 3 сө тапшырыу,492,0,0 results found,,0.0,
Нияз Алсынбаев Серле мосафир 2 се тапшырыу,491,0,0 results found,,0.0,
Нияз Алсынбаев Серле мосафир 1 се тапшырыу,490,0,0 results found,,0.0,
Тәнзилә Дәүләтбирҙина Зөһрәкәй 2 се тапшырыу,489,0,0 results found,,0.0,
Тәнзилә Дәүләтбирҙина Зөһрәкәй 1 се тапшырыу,488,0,0 results found,,0.0,
Динис Бүләков Йәшен атҡан имән Әхәт Мортазин,487,0,0 results found,,0.0,
Динис Бүләков Асыҡ ишек Әхәт Мортазин,486,0,0 results found,,0.0,
Аҡҡош ауазы Сәлимйән Бәҙретдинов 2 се тапшырыу,485,0,0 results found,,0.0,
Аҡҡош ауазы Сәлимйән Бәҙретдинов 1 се тапшырыу,484,0,0 results found,,0.0,
Фәриҙә Ситдиҡова Хыялдағы атай,482;481,0,0 results found,,0.0,
Фәниҙә Исхаҡова Хөкөмсеһе кем Рәмилә Сәлимгәрәева,480,0,0 results found,,0.0,
"Таһир Таһиров Портрет, 1,2 се бүлектәр Олег Ханов, Заһир Вәлитов",479,0,0 results found,,0.0,
Мөхтәр Сәғитов Ғүмерлеккә ҡалған яра Әхәт Мортазин,478,0,0 results found,,0.0,
Илшат Йомағолов,477,0,0 results found,,0.0,
Динис Бүләков Ат күҙендәге ҡояш Әхәт Мортазин,476,0,0 results found,,0.0,
Зөбәржәт Йәнбирҙина Хирург Миңзәлә Хәйруллина,475,0,0 results found,,0.0,
Булат Рафиҡов Йылғаларым ҡайтты ярҙарына Илшат Йомағолов,474,0,0 results found,,0.0,
"Марс Әхмәтшин Ни эшләнең һин, Инсаф Марат Рафиҡов",473,0,0 results found,,0.0,
Евгений Пермяк Әсәй һәм беҙ Мәхмүт Хәбибуллин,472,0,0 results found,,0.0,
"Башҡорт радиокомпозициялар Көҙгө элегия, радиокомпозиция Илшат Йомағолов",471,0,0 results found,,0.0,
"Әсхәт Мортазин Муйылдар Хәкимйән Сәғитов, Гүзәл Сәғитова, Фирҙәт",470;250,0,0 results found,,0.0,
Финә Латыпова Зәхмәтле донъя Миңзәлә Хәйруллина,467,0,0 results found,,0.0,
"Таңһылыу Ғәйнуллина Ғәфү ит, әсәй Миңзәлә Хәйруллина",466,0,0 results found,,0.0,
Тамара Ғәниева Никах Зилә Дибаева,465,0,0 results found,,0.0,
Тайфур Сәғитов Сиң Әхәт Мортазин,464,0,0 results found,,0.0,
Рөстәм Зарипов Төрмәләге уйланыуҙар Лира Фәйзуллина,463,0,0 results found,,0.0,
"Беҙ үлемдән көслөрәк Жәүит Кузеев, Вәли Бикт Тексты Әхәт Мортазин",461;107,0,0 results found,,0.0,
Әмир Ҡотлозаманов Тимерсе Фәйзи Фирҙәт Ғәлиев,460,0,0 results found,,0.0,
Башҡорт радиокомпозициялар Ҡышҡы ауыл Карам Бакировтың шиғырҙары,459,0,0 results found,,0.0,
Фәрзәнә Аҡбулатова Мин тынлыҡты тыңланым Артистар Альберт Шәйхетдинов,458,0,0 results found,,0.0,
Талха Ғиниәтуллин Хоҙайбирҙиндың ҡайтыуы Әхтәм Абушахманов,457,0,0 results found,,0.0,
Рәмил Байбулатов Бер матур иртәлә Хәким Хәйретдинов,456,0,0 results found,,0.0,
Рамазан Ҡотошев Муксен Хәмит Яруллин,455,0,0 results found,,0.0,
Наил Ғәйетбаев Хәмит тау Илшат Йомағолов,454,0,0 results found,,0.0,
Ғәлим Дәүләтов Башҡортса аудиокитаптар төркө Атайым аҡ йондоҙом,453,0,0 results found,,0.0,
Гыйлемдәр Рамазанов Бер ус тупраҡ Фәтих Ихсанов,452,0,0 results found,,0.0,
"Вәзих Исхаҡов Хәстәрлек, Әмәле табылды Фаяз Солтанов",451,0,0 results found,,0.0,
Әнисә Таһирова Арҡайым фәрештәһе Әхәт Мортазин,450,0,0 results found,,0.0,
Азамат Ҡәҙерғолов Илек бүләге Әхтәм Абушахманов,449;146,0,0 results found,,0.0,
"Ашҡаҙар радиоһы Мөхтәр Сабитов Тәүге эш хаҡы, Фаяз Солтанов",448,0,0 results found,,0.0,
Әнүр Ғибәҙәтов Шаҡай Фирҙәт Ғәлиев,447,0,0 results found,,0.0,
"Михаил Шолохов Баҡсасы Мансур Әйүпов тәржемәһе, Илшат Йомағолов",446,0,0 results found,,0.0,
Рәшит Солтангәрәев Ҡотҡарыусы Хәмит Яруллин,445,0,0 results found,,0.0,
Ринат Камал Бейек йондоҙҙар Әхәт Мортазин,444,0,0 results found,,0.0,
Талха Ғиниәтуллин Тынғылыҡ бирмәҫ хәтер Әхтәм Абушахманов,443,0,0 results found,,0.0,
Андрей Упит Йәш торна Рифҡәт Фәйзи,442,0,0 results found,,0.0,
Әхмәр Үтәбай Тарауыл Әхтәм Әбүшахманов,441,0,0 results found,,0.0,
Ғәйфулла Вәлиев Аҫтыртын йылмайыу Зәйни Иғдәүләтов,440,0,0 results found,,0.0,
Ғәлим Дәүләди Беренсе оҙатыу Әхмәт Яҡупов,439,0,0 results found,,0.0,
Ғәлим Дәүләтов Атайым аҡ йондоҙом Фирҙәт Ғәлиев,438,0,0 results found,,0.0,
Карам Бакиров Ике дуҫ Сафура Аҫылбаева,437,0,0 results found,,0.0,
Мәүлет Ямалетдинов Һуңғы тартай Хәмит Яруллин,436,0,0 results found,,0.0,
Олег Ханов,435,0,0 results found,,0.0,
Роберт Байымов Командировка Олег Ханов,434,0,0 results found,,0.0,
Сыңғыҙ Айтматов Беренсе уҡытыусы Роза Кәримова,433,0,0 results found,,0.0,
Суфиян Поварисов Алтынайҙың аҡ аҡылы Хәмит Яруллин,432;57,0,0 results found,,0.0,
Рәшит Солтангәрәев ЯЗА Олег Ханов,431,0,0 results found,,0.0,
"Ноғман Мусин Китмә, китмә, һандуғас Олег Ханов менән Светлана Хәкимова",430,0,0 results found,,0.0,
Камил Йыһаншин Ялбыр Хөрмәт Үтәшев,429,0,0 results found,,0.0,
Тамара Ғәниева Йәрәшеү Зилә Дибаева,428,0,0 results found,,0.0,
Фәрүәз Урманшин,427;254;87,0,0 results found,,0.0,
"Илдар Ғүмәров, Зилә Дибаева",426,0,0 results found,,0.0,
Барый Ноғоманов Бураҙналар Марат Рафиҡов,425,0,0 results found,,0.0,
Рәмзиә Хисамова,424;271,0,0 results found,,0.0,
Сабир Шәрипов Яр буйында уйланыу,423,0,0 results found,,0.0,
Рәшит Солтангәрәев Ҡылынмаған гонаһ Хәмит Яруллин,422,0,0 results found,,0.0,
Туй көнөндә,421,0,0 results found,,0.0,
"Радио фондынан Ярулла Вәлиев Хәйерле иртә, Исмәғил!",420,0,0 results found,,0.0,
Зилә Дибаева,419,0,0 results found,,0.0,
Вадим Ҡылысов,418;360,0,0 results found,,0.0,
Автор,417;416,20,289 results found in 1ms,Башҡорттар тарихы (автор ҡулъяҙмаһынан тәржемә,0.196,"Башҡорттар тарихы (автор ҡулъяҙмаһынан тәржемә — Әхмәтзәки Вәлиди Туған (https://kitaptar.bashkort.org/book/761) | Ахметов Вилюр Ямилевич. Автореф. кандид. экономич. н. - Уфа.2003 — Ахметов Вилюр Ямилевич (https://kitaptar.bashkort.org/book/5107) | Закир Һаҙи. Һайланма әҫәрҙәр / Автор-төҙөүсе Г. X. Абдрафикова (Ғарипова). Өфө: Матбуғат донъяһы (Мир печати), 2018. 176 б.: фот., факсимиле. — Г. X. Абдрафикова (Ғарипова) (https://kitaptar.bashkort.org/book/5123) | Башкирско-русский словарь лексики родинного обряда. Автор-составитель Г.Р. Батыршина. − Уфа, 2008. − 56 стр. — Г.Р. Батыршина (https://kitaptar.bashkort.org/book/5163) | Гревингхольт Йорн. Республика Башкортостан: Через государственный суверенитет к авторитарному режиму / Авторизованный перевод с немецкого Р.Р.Николаевой. Науч. ред. И.В.Кучумов; Послесловие И.М.Габдрафикова, 1999. — И.В.Кучумов, И.М.Габдрафиков, Гревингхольт Йорн (https://kitaptar.bashkort.org/book/5248) | Эткинд А. Внутренняя колонизация. Имперский опыт России / Александр Эткинд; авториз. пер. с англ. В. Макарова. — М.: Новое литературное обозрение, 2013. — 448 с.: ил. — Эткинд А. (https://kitaptar.bashkort.org/book/5131) | Историко-этимологический словарь башкирского языка. - Первый выпуск. Корнеслова с гласными инициалями/Автор-составитель Т.М. Гарипов. - Уфа: Издательство БГПУ, 2007. - 140 с. — Т.М. Гарипов (https://kitaptar.bashkort.org/book/5145) | Башҡорт теле: Урыҫ мәктәптәренең 9 синыфында уҡыған башҡорт балалары өсөн башҡорт теле һәм әҙәбиәте дәреслеге. — Үҙгәрешле 2-се баҫмаһы. — Неизвестный автор (https://kitaptar.bashkort.org/book/619) | Башланмыш (Книга бытия на башкирском языке) — Неизвестный автор (https://kitaptar.bashkort.org/book/36) | Курганские башкиры. - Уфа, Гилем, 2004 — коллектив авторов (https://kitaptar.bashkort.org/book/5043) | Cемья и семейные ценности в современном мире — Разные авторы (https://kitaptar.bashkort.org/book/5006) | Оҙон-оҙаҡ бала саҡ — Мостай Карим (https://kitaptar.bashkort.org/book/418) | Һүнмәһенсе һөйөү усағы. — Хасанов М. А. (https://kitaptar.bashkort.org/book/1409) | Башҡорттар китте һуғышҡа... — Хамматов Яныбай (https://kitaptar.bashkort.org/book/351) | Откуда ты родом,Матросов? Уфа.1994 — Гөлсинә Йосопова (https://kitaptar.bashkort.org/book/1540) | Мөхәммәтсәлим Өмөтбаев — Хөсәйенов Ғайса (https://kitaptar.bashkort.org/book/33) | Донъясыгым: шиғырҙар — Һ. Ғабидов Н. Таһиров У. Хангилдин Ғ Уилданов (https://kitaptar.bashkort.org/book/919) | Башкирия и башкирские войска в Гражданскую войну — Муртазин Муса Лутович (https://kitaptar.bashkort.org/book/479) | Империя степей. Аттила, Чингиз-хан, Тамерлан — Мәүлит Ямалетдин (https://kitaptar.bashkort.org/book/885) | Ҡаһармандар юлынан. Өфө.1992 — Төпәев С. X. (https://kitaptar.bashkort.org/book/1582)"
Мөхтәр Сәғитов Томанлы иртә ине Айсыуаҡ Йомағолов менән Рәмзиә Хисамова,415,0,0 results found,,0.0,
Фәрзәнә Аҡбулатова Юғалған Зөһрә ҡыҙ Миңзәлә Хәйруллина,414,0,0 results found,,0.0,
"Гөлсирә Ғиззәтуллина Яратам, тип әйтеп өлгөрмәнем 3 сө тапшырыу",413,0,0 results found,,0.0,
"Гөлсирә Ғиззәтуллина Яратам, тип әйтеп өлгөрмәнем 4 се тапшырыу",412,0,0 results found,,0.0,
"Гөлсирә Ғиззәтуллина Яратам, тип әйтеп өлгөрмәнем 1 се тапшырыу",411,0,0 results found,,0.0,
Тимерғәле Килмөхәмәтов Турайғыр Фаяз Солтанов,410,0,0 results found,,0.0,
"Гөлсирә Ғиззәтуллина Яратам, тип әйтеп өлгөрмәнем 2 се тапшырыу",409,0,0 results found,,0.0,
Мөнир Ҡунафин Соҡор 3 сө тапшырыу,408,0,0 results found,,0.0,
Мөнир Ҡунафин Соҡор 2 се тапшырыу,407,0,0 results found,,0.0,
Мөнир Ҡунафин Соҡор 1 се тапшырыу,406,0,0 results found,,0.0,
"Мостай Кәрим Мөғжизәләр, Иблес йомошсоһо Әхтәм Абушахманов",405,0,0 results found,,0.0,
Мостай Кәрим Ҡарғалар хөкөмө Нурия Ирсаева,404,0,0 results found,,0.0,
Мостай Кәрим Йыл миҙгелдәре Олег Ханов,403,0,0 results found,,0.0,
Мирас Иҙелбаев Йыр дәресе Зилә Дибаева,402;372,0,0 results found,,0.0,
"Елена Коненко Летчик ҡатыны Нурия Ирсаева, Олег Ханов, Зәйни Иғдәүләтов",401,0,0 results found,,0.0,
Гөлли Мөбәрәкова Айбикә повесы Һәҙиә Дәүләтшина,400,0,0 results found,,0.0,
"Әмир Әминев Ҡорт, 1 2 бүлектәр Фирҙәт Ғәлиев",399,0,0 results found,,0.0,
Ғәлим Хисамов Ҡасыу Хөрмәт Үтәшев,394;154,0,0 results found,,0.0,
Зәйнәб Биишева Оло Эйек буйында Марат Рафиҡов,393,0,0 results found,,0.0,
"Миләүшә Ғәйфуллина Тәмләнде , юмореска Алһыу Бәхтиева",392,0,0 results found,,0.0,
Рәшит Солтангәрәйев Көҙ Олег Ханов,391,0,0 results found,,0.0,
Роберт Байымов Хазина Заһир Вәлитов,390;377,0,0 results found,,0.0,
Тәскирә Даянова Мөғжизәгә ышанам Алһыу Бәхтиева,389,0,0 results found,,0.0,
"Ҡол Ғәли Йософ ҡиссаһы, 1 се бүлек Әмир Абдразаҡов",388,0,0 results found,,0.0,
"Ҡол Ғәли Йософ ҡиссаһы, 2 се бүлек Әмир Абдразаҡов",387,0,0 results found,,0.0,
"Ҡол Ғәли Йософ ҡиссаһы, 3 се бүлек Әмир Абдразаҡов",386,0,0 results found,,0.0,
"Ҡол Ғәли Йософ ҡиссаһы, 4 се бүлек Әмир Абдразаҡов",385,0,0 results found,,0.0,
"Ҡол Ғәли Йософ ҡиссаһы, 5 се бүлек Әмир Абдразаҡов",384,0,0 results found,,0.0,
"Ҡол Ғәли Йософ ҡиссаһы, 6 се бүлек Әмир Абдразаҡов",383,0,0 results found,,0.0,
"Ҡол Ғәли Йософ ҡиссаһы, 7 се бүлек Әмир Абдразаҡов",382,0,0 results found,,0.0,
"Ҡол Ғәли Йософ ҡиссаһы, 8 се бүлек Әмир Абдразаҡов",381,0,0 results found,,0.0,
Илгизәр Бураҡаев Башҡорт көсө Әхәт Мортазин,378,0,0 results found,,0.0,
Зарема Әхмәтйәнова Сәңгелдәк повесы 1 се өлөш Светлана Хәкимова,375,0,0 results found,,0.0,
Зарема Әхмәтйәнова Сәңгелдәк повесы 2 се өлөш Светлана Хәкимова,374,0,0 results found,,0.0,
Зарема Әхмәтйәнова Сәңгелдәк повесы 3 сө өлөш Светлана Хәкимова,373,0,0 results found,,0.0,
Нажиә Игеҙйәнова Көндәш Рәмилә Сәлимгәрәева,371,0,0 results found,,0.0,
Башҡорт халыҡ эпосы Урал Батыр,370;369;368;367;366;365;364,2,2 results found in 1ms,Урал батыр. Башҡорт халыҡ эпосы буйынса,0.638,"Урал батыр. Башҡорт халыҡ эпосы буйынса — Ризаитдин Фәхретдинов (https://kitaptar.bashkort.org/book/822) | Башҡорт халыҡ ижады. Өсөнсө том. Эпос. — Өфө: Башҡортостан «Китап» нәшриәте, 1998. — 448 бит. — Ахмет Сулейманов, Кадим Аралбаев, Рауил Бикбаев, Наиль Бикбулатов, Салават Галин, Нур Зарипов, Фануза Надршина, Зиннур Ураксин, Сабир Шарипов, Гайса Хусаинов (https://kitaptar.bashkort.org/book/5254)"
Дилә Булгакова Майпәрүәз Илсөйәр Ғәзетдинова,363,0,0 results found,,0.0,
З Исмәғилев ис Өфө дәүләт сәнғәт институты ст Көн һәм быуат Әҙәби,362,0,0 results found,,0.0,
"Талха Ғиниәтуллин Мәтрүшкә еҫе Әмир Әминев тәржемәһе, Әхтәм Абушахманов",361,0,0 results found,,0.0,
"Наза Әхмәҙиева Рәнйемә миңә, олатай Нурия Ирсаева",359,0,0 results found,,0.0,
"Шәүлиә Зөлҡәрнәева Кило ярым, Ҡулъяулыҡ Миңзәлә Хәйруллина",358,0,0 results found,,0.0,
Фәрзәнә Аҡбулатова Аждаһаның алтын асҡысы,357,0,0 results found,,0.0,
Фәниҙә Исхаҡова Кеше күсермә Миңзәлә Хәйруллина,356,0,0 results found,,0.0,
Фәйзи Ғүмәров Олатай дипломат Тимур Муллабаев,355;70,0,0 results found,,0.0,
Фаҡил Мырҙаҡаев Юл сатында Илдар Ғүмәров,354,0,0 results found,,0.0,
Факил Мырҙаҡаев Аҙашҡан болан балаһы Илдар Ғүмәров,353,0,0 results found,,0.0,
Түләк Ғирфанов Фәйрүзә Нурия Ирсаева,352;310,0,0 results found,,0.0,
Тимерғәли Килмөхәмәтов Аҡбирҙе алмалары Автор,351,0,0 results found,,0.0,
Төхвәт Йәнәби Ҡыйыҡһыҙ өйҙәр Зәйни Иғдәүләтов,350,0,0 results found,,0.0,
Тимерғәле Килмөхәмәтов Һуңғы фронтовик Заһир Вәлитов,349,0,0 results found,,0.0,
Сара Сәфәрова Һөйөү яҙын тик бер көтәләр Наилә Ғәләүетдинова,348,0,0 results found,,0.0,
Йыһат Солтанов Ҡотлобикә Әхәт Мортазин,347;177;98,0,0 results found,,0.0,
Йәлил Басаков Көлгә ҡалған күңел Марат Рафиҡов,346;178,0,0 results found,,0.0,
Ғаян Лоҡманов Бесән еҫе Рәмилә Сәлимгәрәева,345,0,0 results found,,0.0,
Барый Ноғоманов Ҡар кешеһе Әхәт Мортазин,344,0,0 results found,,0.0,
Шәүҡәт Макулов Алтын балдаҡ Әлфиә Әхмәтова менән Ғәлимнур Бикбулатов,343,0,0 results found,,0.0,
Шакир Янбаев Һөйөнсөһөнә бүләк Автор,342;231,0,0 results found,,0.0,
Сабир Шәрипов Хыянат Светлана Хәкимова,341;85,0,0 results found,,0.0,
"Сәлимйән Бәҙретдинов Ҡоһор 1,2 өлөш Миңзәлә Хәйруллина",340,0,0 results found,,0.0,
"Риф Мифтахов Ҡаза ике, үлем бер Әхәт Мортазин",339,0,0 results found,,0.0,
Сара Сәфәрова Осратырға ине үҙҙәрен Ғәлимнур Бикбулатов менән Лира,338;247,0,0 results found,,0.0,
Самат Мөхәмәтйәнов Исемем Алаҡай 1 се өлөш Хәмит Яруллин,337,0,0 results found,,0.0,
"Самат Мөхәмәтйәнов Исемем Алаҡай 2, 3 өлөш Хәмит Яруллин",336,0,0 results found,,0.0,
Тауҙар,335,8,8 results found in 1ms,"Тауҙарым, далаларым",0.48,"Тауҙарым, далаларым — Рәшит Шакүр (https://kitaptar.bashkort.org/book/107) | Тел хикмәттәре — Әкрәм Бейеш (https://kitaptar.bashkort.org/book/29) | Тел хикмәттәре — Әкрәм Бейеш (https://kitaptar.bashkort.org/book/12) | Тел хикмәттәре — Кафедра истории и культурологи УГНТУ (https://kitaptar.bashkort.org/book/740) | Башҡорт теленең академик һүҙлеге III том — тарих, тел һәм әҙәбиәт институты (https://kitaptar.bashkort.org/book/38) | Башҡорт теленең академик һүҙлеге IV том — Тарих, тел һәм әҙәбиәт институты (https://kitaptar.bashkort.org/book/39) | Башҡорт теленең академик һүҙлеге II том — Тарих, тел һәм әҙәбиәт институты (https://kitaptar.bashkort.org/book/37) | Башҡорт теленең академик һүҙлеге — Тарих, тел һәм әҙәбиәт институты (https://kitaptar.bashkort.org/book/24)"
Нажиә Игеҙйәнова Рәнйеш Фирҙәт Ғәлиев,334,0,0 results found,,0.0,
Ева Лисина Бер телем икмәк Нурия Ирсаева менән Алһыу Бәхтиева,333,0,0 results found,,0.0,
Рәшит Солтангәрәйев Хамбал Олег Ханов,332,0,0 results found,,0.0,
Ринат Камалов Бәрәкәтле төбәк Хөрмәтулла Үтәшев,331,0,0 results found,,0.0,
Рәйсә Биҡҡолова Онотолмаҫ моң Роза Кәримова һәм Фидан Ғафаров,330,0,0 results found,,0.0,
Ғәйфулла Вәлиев Һарайғыр юлы Фәиз Вәхитов,329;192,0,0 results found,,0.0,
Шакир Янбаев Ҡуш ҡарағас Әхәт Мортазин,328;230,0,0 results found,,0.0,
Рәйсә Бикҡолова Йән тартмаһа Хәмит Яруллин менән Наилә Ғәләүетдинова,327,0,0 results found,,0.0,
Рәмил Дәүләтҡолов Ауҙағы суртан Хөрмәтулла Үтәшев,326,0,0 results found,,0.0,
Әхиәр Хәкимов Ҡарауан 8 се өлөш Әхтәм Абушахманов,325,0,0 results found,,0.0,
Әхиәр Хәкимов Ҡарауан 7 се өлөш Әхтәм Абушахманов,324,0,0 results found,,0.0,
Әхиәр Хәкимов Ҡарауан 6 се өлөш Әхтәм Абушахманов,323,0,0 results found,,0.0,
Әхиәр Хәкимов Ҡарауан 5 се өлөш Әхтәм Абушахманов,322,0,0 results found,,0.0,
Әхиәр Хәкимов Ҡарауан 4 се өлөш Әхтәм Абушахманов,321,0,0 results found,,0.0,
Әхиәр Хәкимов Ҡарауан 3 се өлөш Әхтәм Абушахманов,320,0,0 results found,,0.0,
Әхиәр Хәкимов Ҡарауан 2 се өлөш Әхтәм Абушахманов,319,0,0 results found,,0.0,
Әхиәр Хәкимов Ҡарауан 1 се өлөш Әхтәм Абушахманов,318,0,0 results found,,0.0,
"Сулпан Иманғолов Ҡара ҡырау ҡырған затлы сәскәләр 1, 2 бүлек Наилә",317,0,0 results found,,0.0,
Сара Сәфәрова Бәхет хаҡына Илһөйәр Ғизетдинова менән Әхәт Мортазин,316,0,0 results found,,0.0,
Нурислам Шәйхулов Ҡаҙ бәпкәләре ҡара Илһөйәр Ғәзетдинова,315,0,0 results found,,0.0,
Гөлсөм Мостафина Елмерҙәк тотҡоно,314;69,0,0 results found,,0.0,
Миңлегөл Хисмәтуллина Бер һүҙ берәгәйле һүҙ Нәйлә Ғәләуетдинова,313;204,0,0 results found,,0.0,
Миңйыһан Хәлитова Ҡон Фирҙәт Ғәлиев,312;207,0,0 results found,,0.0,
Минйыһан Хәмитова Үс Фирҙәт Ғәлиев,311;206,0,0 results found,,0.0,
"Тимерғәле Килмөхәмәтов Хаҡлыҡ үлмәй 5, 6 сы өлөш Әхәт Мортазин",301,0,0 results found,,0.0,
"Тимерғәле Килмөхәмәтов Хаҡлыҡ үлмәй 3, 4 сы өлөш Әхәт Мортазин",300,0,0 results found,,0.0,
"Тимерғәле Килмөхәмәтов Хаҡлыҡ үлмәй 1, 2 сы өлөш Әхәт Мортазин",299,0,0 results found,,0.0,
"Хәйҙәр Тапаҡов Яралы аҡҡош Фирҙәт Ғәлиев, Әхәт Мортазин, Әхтәм Абушахманов",298,0,0 results found,,0.0,
Хәйҙәр Тапаҡов Офоҡтағы йондоҙ яҡтыһы Әхтәм Абушахманов,297,0,0 results found,,0.0,
Лариса Абдуллина Мәтрүшкәле сәй Светлана Хәкимова,296,0,0 results found,,0.0,
"Мансаф Ғиләжев Шәл Илһөйәр Ғизетдинова, Илдар Ғүмәров һәм Әхәт Мортазин",295;202,0,0 results found,,0.0,
"Әкрәм Бейешев Ил ғазабы 1,2 сы өлөш Заһир Вәлитов",294,0,0 results found,,0.0,
"Әкрәм Бейешев Ил ғазабы 3,4 се өлөш Заһир Вәлитов",293,0,0 results found,,0.0,
"Әкрәм Бейешев Ил ғазабы 5,6 сы өлөш Заһир Вәлитов",292,0,0 results found,,0.0,
Таңсулпан Ғарипова Ялан сейәһе Рәмзиә Хисамова,290,0,0 results found,,0.0,
Талха Ғиниәтуллин Әсә һәм бала 1 се өлөш Алһыу Бәхтиева,289,0,0 results found,,0.0,
Талха Ғиниәтуллин Әсә һәм бала 2 се өлөш Алһыу Бәхтиева,288,0,0 results found,,0.0,
Ринат Камалов Бәлә 1 се бүлек Заһир Вәлитов,286,0,0 results found,,0.0,
"Ринат Камалов Бәлә 2, 3 се бүлектәр Заһир Вәлитов",285,0,0 results found,,0.0,
"Ринат Камалов Бәлә 4, 5 се бүлектәр Заһир Вәлитов",284,0,0 results found,,0.0,
Әмир Әминев Ҡытайгород Фирҙәт Ғәлиев,283,0,0 results found,,0.0,
Динис Бүләков Ғүмерһеҙ йондоҙ Олег Ханов,282,0,0 results found,,0.0,
Суфиян Поварисов Беҙ фронттан ҡайтҡанда Фирҙәт Ғәлиев,281,0,0 results found,,0.0,
Әмир Әминев Бүре балалары хикәйәһе 1 се тапшырыу,277,0,0 results found,,0.0,
Әмир Әминев Бүре балалары хикәйәһе 2 се тапшырыу,276,0,0 results found,,0.0,
Әмир Әминев Бүре балалары хикәйәһе 3 сө тапшырыу,275,0,0 results found,,0.0,
Әмир Әминев Бүре балалары хикәйәһе 4 се тапшырыу,274,0,0 results found,,0.0,
Сәүиә Сираева,273,0,0 results found,,0.0,
Неизвестен Мөхәббәт өсөн яза Ринат Камалов,272,0,0 results found,,0.0,
Ф Акбулатова АҘАШЫУ Хикәйә А Бәхтиева,270,0,0 results found,,0.0,
Наилә Ғәләүетдинова менән Ғәлимнур Бикбулатов Ғәлим Хисамов Ғүмер,269,0,0 results found,,0.0,
Әсҡәт Мортазин Миңә таян Илшат Йомағолов,268,0,0 results found,,0.0,
Әкрәм Вәли Рәүфә Нурия Ирсаева,267;179,0,0 results found,,0.0,
Гөлсирә Ғиззәтуллина Туғыҙынсы рәттәге урын Салауат Ишмөхәмәтов,266;165,0,0 results found,,0.0,
Ноғман Мусин Әлфирә килен Әхәт Мортазин,265;194,0,0 results found,,0.0,
Хәмит Яруллин,264,0,0 results found,,0.0,
Неизвестный артист Әхиәр Хәкимов Дауылдан ҡотолоу юҡ,263,0,0 results found,,0.0,
Неизвестен Әхиәр Хәкимов Дауылдан ҡотолоу юҡ,262;261,0,0 results found,,0.0,
Гөлфиә Юнысова Тыуған ер Автор,260,0,0 results found,,0.0,
Фәрзәнә Аҡбулатова Тере таш Рәмилә Сәлимгәрәева,259;237;131,0,0 results found,,0.0,
Нажия Игеҙйәнова Баһа Лира Фәйзуллина,258,0,0 results found,,0.0,
Руфина Хәсәнова Икәү Нурия Ирсаева,257,0,0 results found,,0.0,
Әсхәт Мортазин Ләйсән Лира Фәйзуллина,256,0,0 results found,,0.0,
Мәрйәм Бураҡаева Аҡтүш хикәйә Илшат Йомағолов,255;91,0,0 results found,,0.0,
Денис Бүләков Яралы китап Әхәт Мортазин,253,0,0 results found,,0.0,
Ғаян Лоҡманов Минең ҡәйнәм Ғәлимнур Бикбулатов,252,0,0 results found,,0.0,
Мөхтәр Сәғитов Урман ҡуйынында Әхәт Мортазин,249,0,0 results found,,0.0,
Рәсүл Сәғитов Ҡарғыш Хөрмәтулла Үтәшев,248,0,0 results found,,0.0,
Зыя Әхмәтов Һуҡмаҡтар Илшат Йомағолов,246;183,0,0 results found,,0.0,
Сәлимйән Бәҙретдинов Ҡәйнә менән кейәү Рәмзил Сәлмәнов,245,0,0 results found,,0.0,
Шамил Хажиәхмәтов Йәнтөйәккә юл хикәйәһе 1 се өлөш Рәмзил Сәлмәнов,244,0,0 results found,,0.0,
Шамил Хажиәхмәтов Йәнтөйәккә юл хикәйәһе 2 се өлөш Рәмзил Сәлмәнов,243,0,0 results found,,0.0,
Рәйлә Сабитова Өлкәнәйеү 1 се тапшырыу Алһыу Бәхтиева,242;7,0,0 results found,,0.0,
Рәйлә Сабитова Өлкәнәйеү 2 се тапшырыу Алһыу Бәхтиева,241;6,0,0 results found,,0.0,
Рәйлә Сабитова Өлкәнәйеү 3 сө тапшырыу Алһыу Бәхтиева,240;5,0,0 results found,,0.0,
Мәрйәм Күсмәева Сания апай Илсөйәр Ғәзетдинова,239;215,0,0 results found,,0.0,
Фәрзәнә Аҡбулатова Һыңар алҡа Хөрмәт Үтәшев,238,0,0 results found,,0.0,
Фәрзәнә Аҡбулатова Тоҙло тормош Рәмилә Сәлимгәрәева,236,0,0 results found,,0.0,
Фәрзәнә Аҡбулатова Янған аттар Автор,235,0,0 results found,,0.0,
Финә Латыпова Тормош ҡуласаһы 1,234,0,0 results found,,0.0,
"Яныбай Хамматов Төнъяҡ амурҙары 5,6,7 се өлөш Хөрмәт Үтәшев",233,0,0 results found,,0.0,
Яныбай Хамматов Арҡайым Хәмит Яруллин,232,0,0 results found,,0.0,
Шакир Янбаев Кәкүк саҡырып туҡтағас Әхәт Мортазин,229,0,0 results found,,0.0,
Шакир Янбаев Боҙло тамуҡ Әхәт Мортазин,228,0,0 results found,,0.0,
Хәйҙәр Тапаҡов Һаҙағай балҡышы Фирҙәт Ғәлиев,227,0,0 results found,,0.0,
Хәйҙәр Тапаҡов Мөһөр Олег Ханов,226,0,0 results found,,0.0,
Хәйҙәр Тапаҡов Дусар ителгәндәр Илһөйәр Ғизетдинова,225,0,0 results found,,0.0,
Хәйҙәр Тапаҡов Ғүмер бүләк итәм Хөрмәт Үтәшев,224,0,0 results found,,0.0,
Хәбир Дауытов Йомран Әхәт Мортазин,223;103,0,0 results found,,0.0,
Хәбир Дауытов Аҡтүш Әхәт Мортазин,222,0,0 results found,,0.0,
Флүр Ғазин Ҡасҡын Хөрмәтулла Үтәшев,221,0,0 results found,,0.0,
Флүр Ғазин Бапаҡ Миңзәлә Хәйруллина,220;36,0,0 results found,,0.0,
Фирүзә Ғатауллина Әсәнең йоҡоһоҙ төнө Рәмилә Сәлимгәрәева,219,0,0 results found,,0.0,
"Фирҙәүиси Шахнамә Тәржемәсеһе Рафаэл Зиннуров, Әхтәм Абушахманов",218,0,0 results found,,0.0,
"Яныбай Хамматов Төнъяҡ амурҙары 3,4 се өлөш Хөрмәт Үтәшев",217,0,0 results found,,0.0,
"Яныбай Хамматов Төнъяҡ амурҙары 1,2 се өлөш Хөрмәт Үтәшев",216,0,0 results found,,0.0,
Мәүлит Ямалетдинов Бүләк Әхәт Мортазин,214,0,0 results found,,0.0,
Мәхмүт Хужин Яттар мөһөрө 3 сө бүлек Илдар Ғүмәров,213,0,0 results found,,0.0,
Мәхмүт Хужин Яттар мөһөрө 2 сө бүлек Илдар Ғүмәров,212,0,0 results found,,0.0,
Мәхмүт Хужин Яттар мөһөрө 1 сө бүлек Илдар Ғүмәров,211,0,0 results found,,0.0,
Миҙхәт Ғәйнуллин Разведчик,210;209,0,0 results found,,0.0,
Миләүшә Ғәйфуллина Күңел күҙе Алһыу Бәхтиева,208,0,0 results found,,0.0,
Минеғәле Яҡупов Һуғыштан һуң Наилә Ғәләүетдинова,205,0,0 results found,,0.0,
Мәжит Ғафури Ҡыр ҡаҙы Илсөйәр Ғәзетдинова,203,0,0 results found,,0.0,
"Мансаф Ғиләжев Яҙмышҡа үҙең хужа, радиоочерк Наилә Ғәләүетдинова",201,0,0 results found,,0.0,
Марат Тулыбаев Ҡурай Хәмит Яруллин,200,0,0 results found,,0.0,
Ноғман Мусин Һуңғы солоҡ 4 се тапшырыу Аҙағы Әхтәм Әбүшахманов,199,0,0 results found,,0.0,
Ноғман Мусин Әйтелмәй ҡалған һүҙ Фирҙәт Ғәлиев,198,0,0 results found,,0.0,
Ноғман Мусин Һуңғы солоҡ 3 се тапшырыу Әхтәм Әбүшахманов,197,0,0 results found,,0.0,
Ноғман Мусин Һуңғы солоҡ 2 се тапшырыу Әхтәм Әбүшахманов,196,0,0 results found,,0.0,
Ноғман Мусин Һуңғы солоҡ 1 се тапшырыу Әхтәм Әбүшахманов,195,0,0 results found,,0.0,
Ғәйфулла Вәлиев Өйәңкеле йорт Илсөйәр Ғәзетдинова,193,0,0 results found,,0.0,
Ғәйфулла Вәлиев Өстамаҡ повесынан өҙөк Илшат Йомағолов,191,0,0 results found,,0.0,
Ғәйфулла Вәлиев Урман юлында Сәүиә Сираева,190,0,0 results found,,0.0,
Ғәйфулла Вәлиев Яңғыҙ тирәк Фәйез Вәхитов,189,0,0 results found,,0.0,
Зөлфирә Ҡаҙаҡбаева Атай йорто Илһөйәр Ғизетдинова,188,0,0 results found,,0.0,
Зөлфирә Ҡаҙаҡбаева Көтөү Илсөйәр Ғәзетдинова,187;72,0,0 results found,,0.0,
"Зөһрә Бураҡаева Матур кешекәйҙәр, 1 се бүлек Илсөйәр Ғәзетдинова",186,0,0 results found,,0.0,
"Зөһрә Бураҡаева Матур кешекәйҙәр, 2 се бүлек Илсөйәр Ғәзетдинова",185,0,0 results found,,0.0,
Зөһрә Усманова Йөрәк яраһы Нурия Ирсаева,184,0,0 results found,,0.0,
Әхмәр Хисамов Дауылдан юҡ ҡотолоу Рәмзиә Хисамова укый,182,0,0 results found,,0.0,
Әхмәт Әһлиуллин Урман әкиәте Зәйни Иғдәүләтов,181,0,0 results found,,0.0,
Әхнәф Байрамов Оксана Миңзәлә Хәйруллина,180,0,0 results found,,0.0,
Йыһат Солтанов Һыйыр тураһында йыр Әхәт Мортазин,176;56,0,0 results found,,0.0,
"Илгиз Ғимранов Ҡойма Әхәт Мортазин, Фәрүәз Урманшин һәм Зилә Дибаева",175,0,0 results found,,0.0,
Иршат Теләүембәтов Егетлек Ғаяз Алтыншин,174,0,0 results found,,0.0,
"Ибраһим Абдуллин Ҡояш байымай ҙа, байымай Әхәт Мортазин",173,0,0 results found,,0.0,
"Гөлнур Яҡупова Зәлифә, 1, 2 се бүлектәр Илсөйәр Ғәзетдинова",172,0,0 results found,,0.0,
"Гөлнур Яҡупова Йыртҡыс ҡаны 3,4 сы өлөш Илсөйәр Ғәзетдинова",171,0,0 results found,,0.0,
"Гөлнур Яҡупова Йыртҡыс ҡаны 5,6 сы өлөш Илсөйәр Ғәзетдинова",170,0,0 results found,,0.0,
Гөлнур Яҡупова Ҡатындар Рәмилә Сәлимгәрәева,169,0,0 results found,,0.0,
Гөлсирә Гиззәтуллина Еүеш асфальт төҫөндәге мерседес Рәмилә Сәлимгәрәева,168,0,0 results found,,0.0,
Гөлсирә Ғиззәтуллина Һөйөүем доғаһы Айсыуаҡ Йомағолов менән Земфира,167,0,0 results found,,0.0,
Гөлсирә Ғиззәтуллина Партбилет Миңзәлә Хәйруллина,166;109,0,0 results found,,0.0,
Гөлсирә Ғиззәтуллина Шул уҡ йән ине Рәмилә Сәлимгәрәева,164,0,0 results found,,0.0,
Ғаян Лоҡманов Гармунсылар Марат Рафиҡов,163,0,0 results found,,0.0,
Ғаян Лоҡманов Минең ҡәйнәм Әхмәт Яҡупов,162,0,0 results found,,0.0,
Ғәйфулла Вәлиев Аҡман юлы Сәүиә Сираева,161,0,0 results found,,0.0,
Ғәйфулла Вәлиев Минең дуҫым Тимур Муллабаев,160,0,0 results found,,0.0,
Гөлнара Мостафина Бармаҡ буйы бер балыҡ Фәрүәз Урманшин,159,0,0 results found,,0.0,
Гөлнара Мостафина Бала ҡәҙере Рәмилә Сәлимгәрәева,158,0,0 results found,,0.0,
Гөлназ Ҡотоева Ҡош юлынан барам Рәмилә Сәлимгәрәйева,157,0,0 results found,,0.0,
Ғәлим Хисамов Серле осрашыу 2 се бүлек Фирҙәт Ғәлиев,156,0,0 results found,,0.0,
Ғәлим Хисамов Серле осрашыу 1 се бүлек Фирҙәт Ғәлиев,155,0,0 results found,,0.0,
Ғәлим Хисамов Бына һиңә һабантуй Заһир Вәлитов,153,0,0 results found,,0.0,
Ғата Имаев Йөрәк хәтере Наилә Ғәләүетдинова менән Әхәт Мортазин,152,0,0 results found,,0.0,
Ғата Имаев Телеграмма Олег Ханов,151,0,0 results found,,0.0,
Ағиш Ғирфанов Алтын төлкө Әхәт Мортазин,150,0,0 results found,,0.0,
Авзал Кинйәбаев Ҡойола умырзая Хәмит Яруллин,149,0,0 results found,,0.0,
Ағиш Ғирфанов Ауылым ауылдашым Тимур Муллабаев,148,0,0 results found,,0.0,
Ағиш Ғирфанов Күршеләр Роза Кәримова,147,0,0 results found,,0.0,
Азамат Ҡәҙерғолов Иҫке күпер Әхтәм Абушахманов,145,0,0 results found,,0.0,
Барый Ноғоманов Икеһенә бер гармун Фаяз Солтанов,143,0,0 results found,,0.0,
Ғариф Ғүмәр Тимеркәйҙең әсәһе Илсөйәр Ғәзетдинова,142,0,0 results found,,0.0,
Ғабдулла Әхмәтшин Аҡ халат тураһында баллада Марат Рафиҡов,141,0,0 results found,,0.0,
Ғабдулла Байбурин Ҡарлуғастар оса Миңзәлә Хәйруллина,140,0,0 results found,,0.0,
Азамат Ҡәҙерғолов Үгәй атай Әхтәм Әбүшаһманов,139,0,0 results found,,0.0,
Александр Лизюков Комбриг Мортазин Рәфил Нәбиуллин,138,0,0 results found,,0.0,
Юлай Зарипов Үпкә Хәмит Яруллин,137,0,0 results found,,0.0,
Ринат Камалов Ҡон Хәмит Яруллин,136,0,0 results found,,0.0,
"Роберт Байымов Ҡон 1,2 өлөш Рәмилә Сәлимгәрәева",135,0,0 results found,,0.0,
Фәрзәнә Аҡбулатова Серле туҫтаҡ,134,0,0 results found,,0.0,
Фәрзәнә Аҡбулатова Ҡабатланыу Рәмилә Сәлимгәрәева,133,0,0 results found,,0.0,
Фәрзәнә Аҡбулатова Йондоҙло ямғыр Рәмилә Сәлимгәрәева,132,0,0 results found,,0.0,
Гөлсирә Ғиззәтуллина Шул уҡ йән ине,130,0,0 results found,,0.0,
Юсупова Альфира Файзрахмановна Ҡунаҡ һәм намыҫ Сәғит Агиш,129,0,0 results found,,0.0,
Әмир Әминев Танкист Юсупова Альфира Файзрахмановна,128,0,0 results found,,0.0,
Динис Бүләков Иң оҙон төн Радиоспектакль 1 се тапшырыу,127,0,0 results found,,0.0,
Динис Бүләков Иң оҙон төн Радиоспектакль 2 се тапшырыу,126,0,0 results found,,0.0,
Динис Бүләков Иң оҙон төн Радиоспектакль 3 сө тапшырыу,125,0,0 results found,,0.0,
Фирҙәт Ғәлиев,124,0,0 results found,,0.0,
Мөнир Ҡунафин Кайнозой хикәйәһе Автор,123,0,0 results found,,0.0,
Мөнир Ҡунафин Тәңре өрөк ҡапҡанда 1 се тапшырыу Илдар Ғүмәров менән,122,0,0 results found,,0.0,
Мөнир Ҡунафин Тәңре өрөк ҡапҡанда 2 се өлөш Илдар Ғүмәров менән,121,0,0 results found,,0.0,
Т Ғиниәтуллин Колчак алтыны 1 се өлөш Ирек Булатов,120,0,0 results found,,0.0,
Т Ғиниәтуллин Колчак алтыны 2 се өлөш Ирек Булатов,119,0,0 results found,,0.0,
Т Ғиниәтуллин Колчак алтыны 3 сө өлөш Ирек Булатов,118,0,0 results found,,0.0,
Талха Ғиниәтуллин Колчак алтыны Булат Иреков,117,0,0 results found,,0.0,
Роберт Байымов Алданыу повесы 1 се өлөш Әхәт Мортазин,116;33,0,0 results found,,0.0,
Роберт Байымов Алданыу повесы 2 се өлөш Әхәт Мортазин,115;32,0,0 results found,,0.0,
Роберт Байымов Алданыу повесы 3 сө өлөш Әхәт Мортазин,114;31,0,0 results found,,0.0,
Таңғы ысыҡтар,113,0,0 results found,,0.0,
Төш,112,16,16 results found in 1ms,Аҡмулланы төшөмдә күрҙем,0.222,"Аҡмулланы төшөмдә күрҙем — Александров Ф. А (https://kitaptar.bashkort.org/book/694) | Фидаил Сафин - Быуат артылғанда (2008) — Фидаил Сафин (https://kitaptar.bashkort.org/book/5325) | БАШҠОРТ ТЕЛМӘРЕ 6-сы класс — Д.С. Тикеев, Г.Д. Вәлиева (https://kitaptar.bashkort.org/book/412) | 1910-сы йылдағы башҡорт ауылы төҫлө фотоларҙа. —  (https://kitaptar.bashkort.org/book/1388) | Буракаева М.С. Сочинения. Том 1. Повести (на башк. яз) - Уфа, Китап, 2018 — Бураҡаева, М. С. (https://kitaptar.bashkort.org/book/5033) | Һайланма әҫәрҙәр 9 том — Ноғман Мусин (https://kitaptar.bashkort.org/book/905) | Бөйрәкәй — Таңсулпан Ғарипова (https://kitaptar.bashkort.org/book/1443) | Арғымаҡ — Бураҡаева М. С. (https://kitaptar.bashkort.org/book/521) | Башҡорт диалектологияһы — Шәкүр Рәшит (https://kitaptar.bashkort.org/book/1413) | Ғүмер кисенүҙәре — РАВИЛЬ БИКБАЕВ (https://kitaptar.bashkort.org/book/933) | Бейеш Әкрәм. Тел хикмәттәре - Өфө, Китап, 2016. - 136 бит. — Бейеш Әкрәм (https://kitaptar.bashkort.org/book/5141) | Филатов Л.А. Уңған егет Федот уҡсы тураһында әкиәт - Нефтекамск, 2001 — Филатов Л.А. (https://kitaptar.bashkort.org/book/5130) | Русса-башҡортса, башҡортса-русса юридик терминдар һүҙлеге. Төҙ. М.М. Мөхәмәтдинов, 3.3. Әбсәләмов. - Өфө, Китап, 1994. - 168 бит. — М. М. Мөхәмәтдинов, 3. 3. Әбсәләмов (https://kitaptar.bashkort.org/book/5186) | Дәртле жыр (Жәлил Кеекбаев). - Өфө, 1998 — Закиев М.З. (https://kitaptar.bashkort.org/book/5023) | Хисамитдинова Ф.Г. Башкирский язык для малышей. —Уфа: Башкирская энциклопедия, 2002. — 120 с., ил. — Хисамитдинова Ф.Г. (https://kitaptar.bashkort.org/book/5167) | Мурзакаев Ф.С. Русско-башкирский словарь сельскохозяйственных терминов. 2-е изд. - Уфа, Китап, 2001. - 496 с. — Ф. С. Мурзакаев (https://kitaptar.bashkort.org/book/5181)"
Фәрзәнә Аҡбулатова Атай икмәге,111,0,0 results found,,0.0,
Мәжнүн,110,0,0 results found,,0.0,
Ҡуҙыйкүрпәс менән Маянһылыу Башҡорт халыҡ эпосы,108,1,1 result found in 2ms,Башҡорт халыҡ ижады. Дүртенсе том.,0.37,Башҡорт халыҡ ижады. Дүртенсе том. —  (https://kitaptar.bashkort.org/book/735)
Наил Ғәйетбаев Ритайым Әхәт Мортазин,106,0,0 results found,,0.0,
Әхмәр Үтәбай Шартлау Әхәт Мортазин,105,0,0 results found,,0.0,
Марс Әхмәтшин Гөлйемеш Әхәт Мортазин,104,0,0 results found,,0.0,
Хөснулла Түләков Ҡусты Әхәт Мортазин,102,0,0 results found,,0.0,
Йыһат Солтанов Ыласыным Әхәт Мортазин,101,0,0 results found,,0.0,
Рафаэль Зиннуров Вәхшилек Әхәт Мортазин,100,0,0 results found,,0.0,
Камил Яйыҡбаев Байтал Әхәт Мортазин,99,0,0 results found,,0.0,
Мәрйәм Бураҡаева Атайымдың улы булмағас Хөрмәтулла Үтәшев менән,97,0,0 results found,,0.0,
Мәрйәм Бураҡаева Дала моңо Илшат Йомағолов менән Илсөйәр Ғәзетдинова,96,0,0 results found,,0.0,
Мәрйәм Бураҡаева Көҙгө ысыҡтар Гөлли Мөбәрәкова,95,0,0 results found,,0.0,
Мәрйәм Бураҡаева Һылыу Рәмилә Сәлимгәрәйева,94;59,0,0 results found,,0.0,
Мәрйәм Бураҡаева Киҫәкбикә Рәмзиә Хисамова,93;11,0,0 results found,,0.0,
Мәрйәм Бураҡаева Ҡорама юрған Рәмилә Сәлимгәрәйева,92,0,0 results found,,0.0,
Роберт Байымов Тәүбә итеү хикәйә,90,0,0 results found,,0.0,
Гөлсирә Ғиззәтуллина Ғайсарова Ымһыныу хикәйә Автор,89,0,0 results found,,0.0,
Р Сәлимгәрәева,88,0,0 results found,,0.0,
Тимер Йосопов Күк бүре Камил Аҡсурин,86,0,0 results found,,0.0,
"Талха Ғиниәтуллин Тыуған тупһа янында 1,2 се өлөштәр Әхтәм Абушахманов",84,0,0 results found,,0.0,
Ә М Муллағолова Юлдаш Ғәлиә Кәлимуллина Көтмәгәндә уйламағанда,83,0,0 results found,,0.0,
"Фәрзәнә Аҡбулатова Аҙашҡанбыҙ, табалмайса үҙебеҙҙе Илһөйәр Ғизетдинова",82,0,0 results found,,0.0,
"Һәҙиә Дәүләтшина Ырғыҙ романы 9,10 сы бүлектәр Нурия Ирсаева менән",79,0,0 results found,,0.0,
"Һәҙиә Дәүләтшина Ырғыҙ романы 7,8 се бүлектәр Нурия Ирсаева менән",78,0,0 results found,,0.0,
"Һәҙиә Дәүләтшина Ырғыҙ романы 5,6 сы бүлектәр Нурия Ирсаева менән",77,0,0 results found,,0.0,
"Һәҙиә Дәүләтшина Ырғыҙ романы 3,4 се бүлектәр Нурия Ирсаева менән",76,0,0 results found,,0.0,
"Һәҙиә Дәүләтшина Ырғыҙ романы 1,2 се бүлектәр Нурия Ирсаева менән",75,0,0 results found,,0.0,
Зиннур Ураҡсин Ситса күлдәк Илдар Ғүмәров,74,0,0 results found,,0.0,
"Рамазан Ҡотошов Имгәнгән йәшлек Әхәт Мортазин, Илдар Ғүмәров һәм",73,0,0 results found,,0.0,
Тәскирә Даянова Һомай Фирҙәт Ғәлиев,71,0,0 results found,,0.0,
Динис Исламов Һуңлаған үкенеү Илсур Хәбиров,68,0,0 results found,,0.0,
Динис Бүләков Намыҫ менән осрашыу Фәиз Вәхитов,67,0,0 results found,,0.0,
"Әсхәт Мортазин Муйылдар Хәкимйән Сәғитов, Гүзәл Сәғитова, Фир",66,0,0 results found,,0.0,
"Зөһрә Усманова Йөрәк яраһы, 1 се бүлек Нурия Ирсаева",65,0,0 results found,,0.0,
"Зөһрә Усманова Йөрәк яраһы, 2 се бүлек Нурия Ирсаева",64,0,0 results found,,0.0,
Зөлфирә Ҡаҙаҡбаева Бәддоға уҡымайым Алһыу Бәхтиева,63,0,0 results found,,0.0,
Кәтибә Кинйәбулатова Клара Нурия Ирсаева,62,0,0 results found,,0.0,
"Мөхтәр Сабитов Көт һин мине, Рәйсә Заһир Вәлитов",61,0,0 results found,,0.0,
Флүр Ғәлимов Һары ләләләр Фәрүәз Урманшин,60,0,0 results found,,0.0,
Рәйсә Хәйруллина Яңғыҙ миләш Илнур Лоҡманов,58,0,0 results found,,0.0,
Нажиә Игеҙйәнова Онотолған көй Илсөйәр Ғәзетдинова,55,0,0 results found,,0.0,
Лира Яҡшыбаева Мөжәүир хәҙрәт,54,0,0 results found,,0.0,
Әхиәр Хәкимов Дала моңо 1 се тапшырыу Әхтәм Абушахманов,53,0,0 results found,,0.0,
Әхиәр Хәкимов Дала моңо 2 се тапшырыу Әхтәм Абушахманов,52,0,0 results found,,0.0,
Әхиәр Хәкимов Дала моңо 3 се тапшырыу Әхтәм Абушахманов,51,0,0 results found,,0.0,
Әхиәр Хәкимов Дала моңо 4 се тапшырыу Әхтәм Абушахманов,50,0,0 results found,,0.0,
Әхиәр Хәкимов Дала моңо 5 се тапшырыу Әхтәм Абушахманов,49,0,0 results found,,0.0,
Әхиәр Хәкимов Дала моңо 6 се тапшырыу Әхтәм Абушахманов,48,0,0 results found,,0.0,
Әхиәр Хәкимов Дала моңо 7 се тапшырыу Әхтәм Абушахманов,47,0,0 results found,,0.0,
Әхиәр Хәкимов Дала моңо 8 се тапшырыу Әхтәм Абушахманов,46,0,0 results found,,0.0,
"Зифа Ҡадырова Һағынырһың, мин булмам 1 се өлөш Илһөйәр Ғәзет",45,0,0 results found,,0.0,
"Зифа Ҡадырова Һағынырһың, мин булмам 2 се өлөш Илһөйәр Ғәзет",44,0,0 results found,,0.0,
"Зифа Ҡадырова Һағынырһың, мин булмам 3 се өлөш Илһөйәр Ғәзет",43,0,0 results found,,0.0,
"Зифа Ҡадырова Һағынырһың, мин булмам 5 се өлөш Илһөйәр Ғәзет",42,0,0 results found,,0.0,
"Зифа Ҡадырова Һағынырһың, мин булмам 6 сы өлөш Илһөйәр Ғәзет",41,0,0 results found,,0.0,
"Зифа Ҡадырова Һағынырһың, мин булмам 7 се өлөш Илһөйәр Ғәзет",40,0,0 results found,,0.0,
Мөхәммәт Хәйҙәров Китмәҫ өсөн килдем Дауамы 1 Камил Аҡсурин,39,0,0 results found,,0.0,
Мөхәммәт Хәйҙәров Китмәҫ өсөн килдем Башы Камил Аҡсурин,38,0,0 results found,,0.0,
Мөхәммәт Хәйҙәров Китмәҫ өсөн килдем Аҙағы Камил Аҡсурин уҡы,37,0,0 results found,,0.0,
Сабир Шәрипов Ҡараҡ Хәмит Яруллин,35,0,0 results found,,0.0,
Таңсулпан Ғарипова Аҫыл ташлы муйынсаҡ Алһыу Бәхтиева,34;17,0,0 results found,,0.0,
Динис Бүләков Эҫе ҡар 1 се тапшырыу Заһир Вәлитов,30,0,0 results found,,0.0,
Динис Бүләков Эҫе ҡар 2 се тапшырыу Заһир Вәлитов,29,0,0 results found,,0.0,
Динис Бүләков Эҫе ҡар 3 сө тапшырыу Заһир Вәлитов,28,0,0 results found,,0.0,
"Мостай Кәрим Оҙон оҙаҡ бала саҡ 1,2 өлөш Гөлли Мөбәрәкова ме",27,0,0 results found,,0.0,
"Мостай Кәрим Оҙон оҙаҡ бала саҡ 3,4 өлөш Гөлли Мөбәрәкова ме",26,0,0 results found,,0.0,
"Мостай Кәрим Оҙон оҙаҡ бала саҡ 5,6 өлөш Гөлли Мөбәрәкова ме",25,0,0 results found,,0.0,
Мостай Кәрим Оҙон оҙаҡ бала саҡ 7 өлөш Гөлли Мөбәрәкова менә,24,0,0 results found,,0.0,
Мостай Кәрим Оҙон оҙаҡ бала саҡ 8 өлөш Гөлли Мөбәрәкова менә,23,0,0 results found,,0.0,
Мостай Кәрим Оҙон оҙаҡ бала саҡ 9 өлөш Гөлли Мөбәрәкова менә,22,0,0 results found,,0.0,
Мөкәрәмә Саҙыҡова Ҡоҙалар Сафура Аҫылбаева,21,0,0 results found,,0.0,
Линиза Шакирова Һыныҡ Рәмзил Сәлмәнов,20,0,0 results found,,0.0,
Динис Бүләков Бер алманы бишкә бүләйек Әхәт Мортазин,19,0,0 results found,,0.0,
"Ибраһим Абдуллин Ҡояш байымай ҙа, байымай Әхәт Мортазин уҡ",18,0,0 results found,,0.0,
Лариса Абдуллина Әсә йәне Светлана Хәкимова,16,0,0 results found,,0.0,
Талха Ғиниәтуллин Шәмсетдин һәм Шәмсура Әхтәм Абушахманов уҡы,15,0,0 results found,,0.0,
Мөслим Әбсәләмов Һуңғы бейеклек Минзәлә Хәйруллина,14,0,0 results found,,0.0,
Кәмһетелгәндәр,13,1,1 result found in 1ms,Кәмһетелгәндәр. Роман.,0.778,Кәмһетелгәндәр. Роман. — Зәйнәб Биишева (https://kitaptar.bashkort.org/book/749)
Фәрзәнә Аҡбулатова Атай икмәге Илсөйәр Ғәзетдинова,12,0,0 results found,,0.0,
"Айгиз Баймөхәмәтов Ҡалдырма, әсәй Альберт Имаметдинов",10,0,0 results found,,0.0,
Мостай Кәрим Аҡ оя Олег Ханов,9,0,0 results found,,0.0,
Ибраһим Ғиззәтуллин Булат ҡоросо Хәким Хәйретдинов,8,0,0 results found,,0.0,
"Ибраһим Ғиззәтуллин Үлгәндән һуң 30 йыл 1,2 өлөш Әхәт Мортаз",4,0,0 results found,,0.0,
Тимерғәле Килмөхәмәтов Урман моңо Илдар Ғүмәров,3,0,0 results found,,0.0,
